[
  {
    "value": "@drink:drink",
    "synonyms": [
      "@drink:drink"
    ]
  },
  {
    "value": "@flavour:flavour @drink:drink",
    "synonyms": [
      "@flavour:flavour @drink:drink"
    ]
  },
  {
    "value": "@flavor:flavor @drink:milkshake with @milk_type:milktype",
    "synonyms": [
      "@flavor:flavor @drink:milkshake with @milk_type:milktype"
    ]
  },
  {
    "value": "@flavor:flavor @milk_type:milk_type @drink:milkshake",
    "synonyms": [
      "@flavor:flavor @milk_type:milk_type @drink:milkshake"
    ]
  },
  {
    "value": "@milk_type:milk_type @flavor:flavor @drink:milkshake",
    "synonyms": [
      "@milk_type:milk_type @flavor:flavor @drink:milkshake"
    ]
  }
]