[
  {
    "id": "8b6525e4-94fa-4ab8-a3c5-96f12cdb619c",
    "data": [
      {
        "text": "When do you close?",
        "userDefined": false
      }
    ],
    "isTemplate": false,
    "count": 0,
    "updated": 0
  },
  {
    "id": "3a8b0adc-9c26-40a0-b4f1-097b35f7c706",
    "data": [
      {
        "text": "Are you open ",
        "userDefined": false
      },
      {
        "text": "today",
        "alias": "date-time",
        "meta": "@sys.date-time",
        "userDefined": false
      },
      {
        "text": "?",
        "userDefined": false
      }
    ],
    "isTemplate": false,
    "count": 0,
    "updated": 0
  },
  {
    "id": "90adbb30-d06d-42f8-97f9-b4cfcf00ae49",
    "data": [
      {
        "text": "Are you open right now?",
        "userDefined": false
      }
    ],
    "isTemplate": false,
    "count": 0,
    "updated": 0
  },
  {
    "id": "fa8d5d51-152a-48c6-b7bd-61d332b33372",
    "data": [
      {
        "text": "What time do you open?",
        "userDefined": false
      }
    ],
    "isTemplate": false,
    "count": 0,
    "updated": 0
  }
]