[
  {
    "id": "23080cf5-8a0a-43e6-ad21-7a9122aa9b46",
    "data": [
      {
        "text": "one",
        "alias": "number",
        "meta": "@sys.number",
        "userDefined": true
      },
      {
        "text": " ",
        "userDefined": false
      },
      {
        "text": "chocolate smoothie",
        "alias": "drink_composite",
        "meta": "@drink_composite",
        "userDefined": false
      },
      {
        "text": " please",
        "userDefined": false
      }
    ],
    "isTemplate": false,
    "count": 0,
    "updated": 0
  },
  {
    "id": "f1ebed0e-45fb-409c-a962-6394bea4e41a",
    "data": [
      {
        "text": "I want ",
        "userDefined": false
      },
      {
        "text": "one",
        "alias": "number",
        "meta": "@sys.number",
        "userDefined": true
      },
      {
        "text": " ",
        "userDefined": false
      },
      {
        "text": "vanilla milkshake with",
        "alias": "drink_composite",
        "meta": "@drink_composite",
        "userDefined": true
      },
      {
        "text": " ",
        "userDefined": false
      },
      {
        "text": "2",
        "alias": "drink_composite",
        "meta": "@drink_composite",
        "userDefined": true
      },
      {
        "text": "%",
        "alias": "drink_composite",
        "meta": "@drink_composite",
        "userDefined": true
      },
      {
        "text": "milk",
        "alias": "drink_composite",
        "meta": "@drink_composite",
        "userDefined": true
      }
    ],
    "isTemplate": false,
    "count": 0,
    "updated": 0
  },
  {
    "id": "9ce9e173-172d-4673-acc6-ad177b34206d",
    "data": [
      {
        "text": "I want a ",
        "userDefined": false
      },
      {
        "text": "small",
        "alias": "size",
        "meta": "@size",
        "userDefined": false
      },
      {
        "text": " ",
        "userDefined": false
      },
      {
        "text": "strawberry smoothie",
        "alias": "drink_composite",
        "meta": "@drink_composite",
        "userDefined": false
      }
    ],
    "isTemplate": false,
    "count": 0,
    "updated": 0
  },
  {
    "id": "7efb1b5f-5cad-4909-a9c1-5043b49e8ba6",
    "data": [
      {
        "text": "two ",
        "userDefined": false
      },
      {
        "text": "large",
        "alias": "size",
        "meta": "@size",
        "userDefined": true
      },
      {
        "text": " ",
        "userDefined": false
      },
      {
        "text": "soy milk",
        "alias": "drink_composite",
        "meta": "@drink_composite",
        "userDefined": true
      },
      {
        "text": " ",
        "userDefined": false
      },
      {
        "text": "chocolate",
        "alias": "drink_composite",
        "meta": "@drink_composite",
        "userDefined": true
      },
      {
        "text": " ",
        "userDefined": false
      },
      {
        "text": "milkshakes",
        "alias": "drink_composite",
        "meta": "@drink_composite",
        "userDefined": true
      }
    ],
    "isTemplate": false,
    "count": 0,
    "updated": 0
  },
  {
    "id": "450b4bc6-940e-4da2-a3f9-80bfb5f431b6",
    "data": [
      {
        "text": "i\u0027d like to order ",
        "userDefined": false
      },
      {
        "text": "rasbeery smoothie",
        "alias": "drink_composite",
        "meta": "@drink_composite",
        "userDefined": true
      },
      {
        "text": " please",
        "userDefined": false
      }
    ],
    "isTemplate": false,
    "count": 1,
    "updated": 0
  },
  {
    "id": "ec4f4be4-d796-4cc7-a142-0cf244ed8b56",
    "data": [
      {
        "text": "i would like a ",
        "userDefined": false
      },
      {
        "text": "mocha smoothie",
        "alias": "drink_composite",
        "meta": "@drink_composite",
        "userDefined": true
      }
    ],
    "isTemplate": false,
    "count": 0,
    "updated": 0
  }
]